Designator,Val,Package,Mid X,Mid Y,Rotation,Layer
C1,100n,C_0603_1608Metric,112.0,-114.75,0.0,top
C10,100n,C_0603_1608Metric,112.5,-68.75,180.0,top
C11,1n,C_0603_1608Metric,120.25,-68.75,180.0,top
C12,100u,CP_Elec_6.3x7.7,126.0,-85.0,270.0,top
C13,1u,C_0603_1608Metric,115.75,-81.25,180.0,top
C14,1u,C_0603_1608Metric,115.75,-88.75,180.0,top
C15,100n,C_0603_1608Metric,119.25,-81.25,0.0,top
C16,220u,CP_Elec_6.3x7.7,105.0,-85.0,180.0,top
C17,22u,C_0805_2012Metric,106.0,-71.0,180.0,top
C18,100n,C_0603_1608Metric,112.5,-88.75,180.0,top
C19,1n,C_0603_1608Metric,120.25,-88.75,180.0,top
C2,100n,C_0603_1608Metric,129.75,-115.25,0.0,top
C20,100u,CP_Elec_6.3x7.7,155.0,-109.0,0.0,top
C21,1u,C_0603_1608Metric,151.25,-119.25,-90.0,top
C22,1u,C_0603_1608Metric,158.75,-119.25,-90.0,top
C23,100n,C_0603_1608Metric,151.25,-115.75,90.0,top
C24,220u,CP_Elec_6.3x7.7,155.0,-130.0,270.0,top
C25,22u,C_0805_2012Metric,141.0,-129.0,-90.0,top
C26,100n,C_0603_1608Metric,158.75,-122.5,-90.0,top
C27,1n,C_0603_1608Metric,158.75,-114.75,-90.0,top
C28,100u,CP_Elec_6.3x7.7,175.0,-109.0,0.0,top
C29,1u,C_0603_1608Metric,171.25,-119.25,-90.0,top
C3,100n,C_0603_1608Metric,105.5,-107.0,-90.0,top
C30,1u,C_0603_1608Metric,178.75,-119.25,-90.0,top
C31,100n,C_0603_1608Metric,171.25,-115.75,90.0,top
C32,220u,CP_Elec_6.3x7.7,175.0,-130.0,270.0,top
C33,22u,C_0805_2012Metric,161.0,-129.0,-90.0,top
C34,100n,C_0603_1608Metric,178.75,-122.5,-90.0,top
C35,1n,C_0603_1608Metric,178.75,-114.75,-90.0,top
C4,100u,CP_Elec_6.3x7.7,126.0,-65.0,270.0,top
C5,1u,C_0603_1608Metric,115.75,-61.25,180.0,top
C6,1u,C_0603_1608Metric,115.75,-68.75,180.0,top
C7,100n,C_0603_1608Metric,119.25,-61.25,0.0,top
C8,220u,CP_Elec_6.3x7.7,105.0,-65.0,180.0,top
C9,22u,C_0805_2012Metric,106.0,-51.25,180.0,top
D1,SMAJ5.0A,D_SMA,134.0,-84.0,-90.0,top
D2,SMAJ15A,D_SMA,154.0,-84.0,-90.0,top
F1,Fuse,FUSE-TH_XF-505P,140.0,-80.0,-90.0,top
F2,Fuse,FUSE-TH_XF-505P,160.0,-80.0,-90.0,top
H1,5V,18AWG_Soldering_Hole,146.0,-87.0,-90.0,top
H10,GND,18AWG_Soldering_Hole,148.0,-63.0,0.0,top
H11,GND,18AWG_Soldering_Hole,155.0,-63.0,0.0,top
H12,GND,18AWG_Soldering_Hole,162.0,-63.0,0.0,top
H13,MountingHole,MountingHole_3.2mm_M3_Pad,100.0,-105.0,0.0,top
H14,MountingHole,MountingHole_3.2mm_M3_Pad,135.0,-55.0,0.0,top
H15,MountingHole,MountingHole_3.2mm_M3_Pad,165.0,-105.0,0.0,top
H16,MountingHole,MountingHole_3.2mm_M3_Pad,135.0,-105.0,0.0,top
H17,MountingHole,MountingHole_3.2mm_M3_Pad,175.0,-55.0,0.0,top
H18,MountingHole,MountingHole_3.2mm_M3_Pad,175.0,-85.0,0.0,top
H19,MountingHole,ZipTie_Hole,140.0,-65.0,0.0,top
H2,5V,18AWG_Soldering_Hole,146.0,-80.0,-90.0,top
H20,MountingHole,ZipTie_Hole,170.0,-65.0,0.0,top
H21,MountingHole,ZipTie_Hole,130.0,-75.0,0.0,top
H22,MountingHole,ZipTie_Hole,175.0,-75.0,0.0,top
H3,5V,18AWG_Soldering_Hole,146.0,-73.0,-90.0,top
H4,12V,18AWG_Soldering_Hole,166.0,-73.0,0.0,top
H5,12V,18AWG_Soldering_Hole,166.0,-80.0,0.0,top
H6,12V,18AWG_Soldering_Hole,166.0,-87.0,0.0,top
H7,GND,18AWG_Soldering_Hole,148.0,-56.0,0.0,top
H8,GND,18AWG_Soldering_Hole,155.0,-56.0,0.0,top
H9,GND,18AWG_Soldering_Hole,162.0,-56.0,0.0,top
J1,USB_C_Receptacle_USB2.0_14P,USB-C-SMD_TYPE-C-16PIN-2MD-073,99.825,-95.0,-90.0,top
J2,USB_C_Receptacle_USB2.0_14P,USB-C-SMD_TYPE-C-16PIN-2MD-073,99.825,-115.0,-90.0,top
J3,USB_C_Receptacle_USB2.0_14P,USB-C-SMD_TYPE-C-16PIN-2MD-073,99.825,-55.0,-90.0,top
J4,USB_C_Receptacle_USB2.0_14P,USB-C-SMD_TYPE-C-16PIN-2MD-073,99.825,-75.0,-90.0,top
J5,USB_C_Receptacle_USB2.0_14P,USB-C-SMD_TYPE-C-16PIN-2MD-073,145.0,-135.175,0.0,top
J6,USB_C_Receptacle_USB2.0_14P,USB-C-SMD_TYPE-C-16PIN-2MD-073,165.0,-135.175,0.0,top
L1,22u,DEP1410-220,116.0,-55.0,-90.0,top
L2,22u,DEP1410-220,116.0,-75.0,-90.0,top
L3,22u,DEP1410-220,145.0,-119.0,0.0,top
L4,22u,DEP1410-220,165.0,-119.0,0.0,top
R1,5.1k,R_0603_1608Metric,106.0,-93.0,180.0,top
R2,5.1k,R_0603_1608Metric,106.0,-97.0,180.0,top
R3,5.1k,R_0603_1608Metric,106.0,-113.0,180.0,top
R4,5.1k,R_0603_1608Metric,106.0,-117.0,180.0,top
R5,2,R_0603_1608Metric,120.25,-66.75,0.0,top
R6,2,R_0603_1608Metric,120.25,-86.75,0.0,top
R7,2,R_0603_1608Metric,156.75,-114.75,90.0,top
R8,2,R_0603_1608Metric,176.75,-114.75,90.0,top
U10,IP6518,QFN-24_L4.0-W4.0-P0.50-BL-EP2.6,116.0,-65.0,90.0,top
U11,USBLC6-4SC6,SOT-23-6,106.0,-55.0,180.0,top
U12,IP6518,QFN-24_L4.0-W4.0-P0.50-BL-EP2.6,116.0,-85.0,90.0,top
U13,USBLC6-4SC6,SOT-23-6,106.0,-75.0,180.0,top
U14,IP6518,QFN-24_L4.0-W4.0-P0.50-BL-EP2.6,155.0,-119.0,180.0,top
U15,USBLC6-4SC6,SOT-23-6,145.0,-129.0,270.0,top
U16,IP6518,QFN-24_L4.0-W4.0-P0.50-BL-EP2.6,175.0,-119.0,180.0,top
U17,USBLC6-4SC6,SOT-23-6,165.0,-129.0,270.0,top
U3,NDP5102SE,SOT-23-6_L2.9-W1.6-P0.95-LS2.9-BL,112.0,-118.25,270.0,top
U6,NDP5102SE,SOT-23-6_L2.9-W1.6-P0.95-LS2.9-BL,129.75,-118.75,270.0,top
U9,NDP5102SE,SOT-23-6_L2.9-W1.6-P0.95-LS2.9-BL,109.0,-107.0,0.0,top
USB1,AF SS-JB17.6,USB-A-TH_AF-SS-JB17.6,104.0,-127.0,0.0,top
USB2,AF SS-JB17.6,USB-A-TH_AF-SS-JB17.6,124.0,-127.0,0.0,top
